<Playslip ID="2425" iFlex="15112" >

<Gui startGuiX="10" startGuiY="10" zoomFactor="0.15" btnWidth="20" btnHeight="20" btnOffsetX="5" btnOffsetY="5" btnFontSize="6" />

<!--****************************** SYSTEMS ****************************-->
<!--********************************************************************-->

<Grid>
<Gridarea ID="0">
<Row y="369"/>
</Gridarea>

<Column x="2165"/>
<Column x="2365"/>
<Column x="2565"/>
<Column x="2765"/>
<Column x="2965"/>
<Column x="3165"/>
<Column x="3365"/>
<Column x="3565"/>
<Column x="3765"/>
<Column x="3965"/>

</Grid>

<Area Gridarea="0">
  <Mark Row="0" Col="0" Descr="1" />
  <Mark Row="0" Col="1" Descr="2" />
  <Mark Row="0" Col="2" Descr="3" />
  <Mark Row="0" Col="3" Descr="4" />
  <Mark Row="0" Col="4" Descr="5" />
  <Mark Row="0" Col="5" Descr="6" />
  <Mark Row="0" Col="6" Descr="7" />
  <Mark Row="0" Col="7" Descr="8" />
  <Mark Row="0" Col="8" Descr="9" />
  <Mark Row="0" Col="9" Descr="10" />
</Area>


<!--****************************** STAKES ****************************-->
<!--********************************************************************-->

<Grid>
<Gridarea ID="0">
<Row y="865"/>
<Row y="685"/>
</Gridarea>

<Column x="-835"/>
<Column x="-235"/>
<Column x="365"/>
<Column x="965"/>
<Column x="1565"/>
<Column x="2165"/>
<Column x="2765"/>
<Column x="3365"/>
<Column x="3965"/>

</Grid>

<Area Gridarea="0">
  <Mark Row="0" Col="0" Descr="0_5K" />
  <Mark Row="0" Col="1" Descr="1K" />
  <Mark Row="0" Col="2" Descr="2K" />
  <Mark Row="0" Col="3" Descr="3K" />
  <Mark Row="0" Col="4" Descr="4K" />
  <Mark Row="0" Col="5" Descr="5K" />
  <Mark Row="0" Col="6" Descr="6K" />
  <Mark Row="0" Col="7" Descr="7K" />
  <Mark Row="0" Col="8" Descr="10K" />

  <Mark Row="1" Col="0" Descr="15K" />
  <Mark Row="1" Col="1" Descr="20K" />
  <Mark Row="1" Col="2" Descr="25K" />
  <Mark Row="1" Col="3" Descr="30K" />
  <Mark Row="1" Col="4" Descr="40K" />
  <Mark Row="1" Col="5" Descr="50K" />
  <Mark Row="1" Col="6" Descr="100K" />
  <Mark Row="1" Col="7" Descr="200K" />
  <Mark Row="1" Col="8" Descr="500K" />

</Area>


<!--****************************** AREAS ****************************-->
<!--********************************************************************-->


<Grid>
<Gridarea ID="0">
<Row y="6579"/>
<Row y="6399"/>
<Row y="6219"/>
</Gridarea>
<Gridarea ID="1">
<Row y="6043"/>
<Row y="5863"/>
<Row y="5683"/>
</Gridarea>
<Gridarea ID="2">
<Row y="5508"/>
<Row y="5328"/>
<Row y="5148"/>
</Gridarea>
<Gridarea ID="3">
<Row y="4972"/>
<Row y="4792"/>
<Row y="4612"/>
</Gridarea>
<Gridarea ID="4">
<Row y="4436"/>
<Row y="4256"/>
<Row y="4076"/>
</Gridarea>
<Gridarea ID="5">
<Row y="3901"/>
<Row y="3721"/>
<Row y="3541"/>
</Gridarea>
<Gridarea ID="6">
<Row y="3365"/>
<Row y="3185"/>
<Row y="3005"/>
</Gridarea>
<Gridarea ID="7">
<Row y="2829"/>
<Row y="2649"/>
<Row y="2469"/>
</Gridarea>
<Gridarea ID="8">
<Row y="2294"/>
<Row y="2114"/>
<Row y="1934"/>
</Gridarea>
<Gridarea ID="9">
<Row y="1758"/>
<Row y="1578"/>
<Row y="1398"/>
</Gridarea>

<Column x="-1235"/>
<Column x="-1035"/>
<Column x="-835"/>
<Column x="-635"/>
<Column x="-435"/>
<Column x="-235"/>
<Column x="-35"/>
<Column x="165"/>
<Column x="365"/>
<Column x="565"/>
<Column x="765"/>
<Column x="965"/>
<Column x="1165"/>
<Column x="1365"/>
<Column x="1565"/>
<Column x="1765"/>
<Column x="1965"/>
<Column x="2165"/>
<Column x="2365"/>
<Column x="2565"/>
<Column x="2765"/>
<Column x="2965"/>
<Column x="3165"/>
<Column x="3365"/>
<Column x="3565"/>
<Column x="3765"/>
<Column x="3965"/>

</Grid>

<Area Gridarea="0" Repetition="9">

  <Mark Row="0" Col="1" Descr="#P" />
  <Mark Row="0" Col="2" Descr="1K" />
  <Mark Row="0" Col="3" Descr="0" />
  <Mark Row="0" Col="4" Descr="1" />
  <Mark Row="0" Col="5" Descr="2" />
  <Mark Row="0" Col="6" Descr="3" />
  <Mark Row="0" Col="7" Descr="4" />
  <Mark Row="0" Col="8" Descr="5" />
  <Mark Row="0" Col="9" Descr="6" />
  <Mark Row="0" Col="10" Descr="7" />
  <Mark Row="0" Col="11" Descr="8" />
  <Mark Row="0" Col="12" Descr="9" />
  <Mark Row="0" Col="13" Descr="L" />
  <Mark Row="0" Col="14" Descr="HG" />
  <Mark Row="0" Col="15" Descr="LL" />
  <Mark Row="0" Col="16" Descr="EL" />
  <Mark Row="0" Col="17" Descr="VL" />
  <Mark Row="0" Col="18" Descr="0-1" />
  <Mark Row="0" Col="19" Descr="-G" />
  <Mark Row="0" Col="20" Descr="+G" />
  <Mark Row="0" Col="21" Descr="0_5" />
  <Mark Row="0" Col="22" Descr="1" />
  <Mark Row="0" Col="23" Descr="0" />
  <Mark Row="0" Col="24" Descr="1" />
  <Mark Row="0" Col="25" Descr="0" />
  <Mark Row="0" Col="26" Descr="1" />



  <Mark Row="1" Col="1" Descr="#R" />
  <Mark Row="1" Col="2" Descr="2K" />
  <Mark Row="1" Col="3" Descr="0" />
  <Mark Row="1" Col="4" Descr="1" />
  <Mark Row="1" Col="5" Descr="2" />
  <Mark Row="1" Col="6" Descr="3" />
  <Mark Row="1" Col="7" Descr="4" />
  <Mark Row="1" Col="8" Descr="5" />
  <Mark Row="1" Col="9" Descr="6" />
  <Mark Row="1" Col="10" Descr="7" />
  <Mark Row="1" Col="11" Descr="8" />
  <Mark Row="1" Col="12" Descr="9" />
  <Mark Row="1" Col="13" Descr="E" />
  <Mark Row="1" Col="14" Descr="1st" />
  <Mark Row="1" Col="15" Descr="LE" />
  <Mark Row="1" Col="16" Descr="EE" />
  <Mark Row="1" Col="17" Descr="VE" />
  <Mark Row="1" Col="18" Descr="2-1" />
  <Mark Row="1" Col="19" Descr="NG" />
  <Mark Row="1" Col="20" Descr="G" />
  <Mark Row="1" Col="21" Descr="2" />
  <Mark Row="1" Col="22" Descr="3" />
  <Mark Row="1" Col="23" Descr="2" />
  <Mark Row="1" Col="24" Descr="3" />
  <Mark Row="1" Col="25" Descr="2" />
  <Mark Row="1" Col="26" Descr="3" />

  <Mark Row="2" Col="0" Descr="VD" />
  <Mark Row="2" Col="1" Descr="F" />
  <Mark Row="2" Col="2" Descr="3K" />
  <Mark Row="2" Col="3" Descr="0" />
  <Mark Row="2" Col="4" Descr="1" />
  <Mark Row="2" Col="5" Descr="2" />
  <Mark Row="2" Col="6" Descr="3" />
  <Mark Row="2" Col="7" Descr="4" />
  <Mark Row="2" Col="8" Descr="5" />
  <Mark Row="2" Col="9" Descr="6" />
  <Mark Row="2" Col="10" Descr="7" />
  <Mark Row="2" Col="11" Descr="8" />
  <Mark Row="2" Col="12" Descr="9" />
  <Mark Row="2" Col="13" Descr="V" />
  <Mark Row="2" Col="14" Descr="2nd" />
  <Mark Row="2" Col="15" Descr="LV" />
  <Mark Row="2" Col="16" Descr="EV" />
  <Mark Row="2" Col="17" Descr="VV" />
  <Mark Row="2" Col="18" Descr="4+" />
  <Mark Row="2" Col="19" Descr="P" />
  <Mark Row="2" Col="20" Descr="I" />
  <Mark Row="2" Col="21" Descr="4" />
  <Mark Row="2" Col="22" Descr="5" />
  <Mark Row="2" Col="23" Descr="4" />
  <Mark Row="2" Col="24" Descr="5+" />
  <Mark Row="2" Col="25" Descr="4" />
  <Mark Row="2" Col="26" Descr="5+" />

</Area>

</Playslip>
