{
"GameName": "Loto 3",
"Printer": "Chief",
"TxProduct": "Game2181Tx",
"RxProduct": "Game2181Rx",
"DisplayAtPos": 0,
"PlayAndExit": true,
"GameExternal": false,
"GameCode": 2181,
"SupportsTeamPlay": false,
"GameHtmlTemplate": "Games/2181.html",
"GameHtmlPreviewTemplate": "Games/2181Preview.html",
"GameRigaCamera": 2405,
"GameRigaScanner": 0,
"GamePlpFileLocation": "/IMTSResources/LinkToYourProject/Playslips/Camera/wdc.plp",
"ColumnPrice": 1.0,
"NumberOfAreas": 1,
"NumberOfSlipAreas": 1,
"NumberOfPanels": 3,

"MarksCfgMap": {
                 	"MarksInPanelsList": [10,10,10],

					"MinMax": [
								{ "Min": 1, "Max": 1, "Default": 1 },
								{ "Min": 1, "Max": 1, "Default": 1 },
								{ "Min": 1, "Max": 1, "Default": 1 }
							  ],

                  	"SystemCfgMap": { }

        		},

"PickXGameUseCalculator": false,

"QpPerPanel": false,
"PartialQp": false,
"SystemQp": false,
"CustomQp": false,

"FastQpPlayList": [
						{
							"Text": "1\nPlay $200",
							"TextAdditionalGame": "+",
							"NumberOfAreas": 1,
							"MultiDraws": 1,
							"AdvanceDraws": 0,
							"Multiplier": 200,
							"AdditionalGame": {},
							"NumberOfTickets": 1
						}
				],

"AdditionalGame": {},

"AdditionalGamePerArea": {},

"MultidrawsCfgMap": { "MultidrawsList": [3, 6, 9, 12, 15, 18, 21],
					  "MinMultidrawValue": 1,
					  "MaxMultidrawValue": 21,
					  "MultiSelectionList": false,
					  "MainView": true,
					  "Panel": false,
					  "Calculator": false },

"FuturedrawsCfgMap": { "FuturedrawsList": [],
					   "MinFuturedrawValue": 0,
					   "MaxFuturedrawValue": 90,
					   "MultiSelectionList": false,
					   "MainView": false,
					   "Panel": false,
					   "Calculator": false,
					   "Calendar": true },

"MultiplierCfgMap": { "MultiplierList": [100, 200, 400, 500, 1000, 5000, 10000],
                      "MinMultiplierValue": 100,
                      "MaxMultiplierValue": 10000,
                      "MultiSelectionList": false,
                      "DisplayPrice": true,
                      "MainView": true,
                      "Panel": false,
                      "Calculator": false },

"BetTypeCfgMap": {},



"FixedSystemCfgMap": {},
"PickXGameTypeList":    [
				["Straight", 2],
				["Combo", 4],
				["Box", 8],
				["Pairs", 48],
				["LastDigit", 262144]
			],
"DrawTypeMap": {},
"AdvancePlayMap":      {},
"SpecialOccasionMap":   {},
"NumberOfQpPlays": 10,
"NumberOfMaximumTickets": 50,

"GameLogo": "/IMTSResources/LinkToYourProject/HtmlTemplates/Images/Logo LOTO3 BN.bmp.png",

"GameColorLogoMap": {
					  "Small": "/IMTSResources/LinkToYourProject/GamesBitmaps/Games/EuroMillions/Logos/logoEuroMillions_H.png",
					  "Medium": "/IMTSResources/LinkToYourProject/GamesBitmaps/Games/EuroMillions/Logos/logoEuroMillions_H.png",
					  "Large": "/IMTSResources/LinkToYourProject/GamesBitmaps/Games/EuroMillions/Logos/logoEuroMillions_H.png"
					},

"GameLogoImageLocation": "/IMTSResources/LinkToYourProject/GamesBitmaps/Games/Loto3/gameButton/gameButtonLoto3.png",
"GameInfoImageLocation": "/IMTSResources/LinkToYourProject/DesktopBitmaps/Desktop/Common/Games/gamebutton/btn49X58GameInfo.png",
"GameQpImageLocation": "/IMTSResources/LinkToYourProject/DesktopBitmaps/Desktop/Common/Games/gamebutton/btn49X58GameQp.png",

"DisplayTotalCostWarning": false,
"TotalCostWarningAmount": 20.0,
"DisplayLowerLimitCostWarning": true,
"LowerLimitCostWarningAmount": 200.0,
"ShowPanelBInMainView": true,
"AutoAdvanceToNextPanel": false
}
