{
"GameName": "Loto",
"Printer": "Chief",
"TxProduct": "Game527XTx",
"RxProduct": "Game5271Rx",
"DisplayAtPos": 3,
"PlayAndExit": true,
"GameExternal": false,
"GameCode": 5271,
"SupportsTeamPlay": false,
"GameHtmlTemplate": "Games/5271.html",
"GameHtmlPreviewTemplate": "Games/5271Preview.html",
"GameRigaCamera": 2400,
"GameRigaScanner": 0,
"GamePlpFileLocation": "/IMTSResources/LinkToYourProject/Playslips/Camera/wdc.plp",
"ColumnPrice": 1000,
"NumberOfAreas": 10,
"NumberOfSlipAreas": 4,
"NumberOfPanels": 1,

"MarksCfgMap": {
                 	"MarksInPanelsList": [41],

			"MinMax": [ { "Min": 6, "Max": 10, "Default": 6 } ],

                  	"SystemCfgMap": { }

        		},

"PickXGameUseCalculator": false,

"QpPerPanel": true,
"PartialQp": false,
"SystemQp": false,
"CustomQp": false,

"FastQpPlayList": [
						{
							"Text": "1\nPlay $2500",
							"TextAdditionalGame": "+",
							"NumberOfAreas": 1,
							"MultiDraws": 1,
							"Multiplier": 1,
							"AdditionalGame": {},
							"AdditionalGamePerArea": ["Revancha", "Desquite", "Multiplicador", "Ahora si que si!", "Jubilazo"],
							"NumberOfTickets": 1
						},
						{
							"Text": "2\nPlays $5000",
							"TextAdditionalGame": "+",
							"NumberOfAreas": 2,
							"MultiDraws": 1,
							"AdvanceDraws": 0,
							"Multiplier": 1,
							"AdditionalGame": {},
							"AdditionalGamePerArea": ["Revancha", "Desquite", "Multiplicador", "Ahora si que si!", "Jubilazo"],
							"NumberOfTickets": 1
						},
						{
							"Text": "3\nPlays $7500",
							"TextAdditionalGame": "+",
							"NumberOfAreas": 3,
							"MultiDraws": 1,
							"AdvanceDraws": 0,
							"Multiplier": 1,
							"AdditionalGame": {},
							"AdditionalGamePerArea": ["Revancha", "Desquite", "Multiplicador", "Ahora si que si!", "Jubilazo"],
							"NumberOfTickets": 1
						}
				],

"AdditionalGame": {},


"AdditionalGamePerArea": [
                 
	                  {
                            "Name": "Revancha",
                            "Cost": 300
                          },
			{
                            "Name": "Desquite",
                            "Cost": 200
                          },
			{
                            "Name": "Multiplicador",
                            "Cost": 500
                          },
			{
                            "Name": "Ahora si que si!",
                            "Cost":100
                          },
			{
                            "Name": "Jubilazo",
                            "Cost": 400
                          }


],

"MultidrawsCfgMap": {  "MultidrawsList": [3,6],
                                          "MinMultidrawValue": 1,
					  "MaxMultidrawValue": 6,
					  "MultiSelectionList": false,
					  "MainView": true,
					  "Panel": false,
					  "Calculator": false },

"FuturedrawsCfgMap": { "FuturedrawsList": [],
					   "MinFuturedrawValue": 1,
					   "MaxFuturedrawValue": 90,
					   "MultiSelectionList": false,
					   "MainView": true,
					   "Panel": false,
					   "Calculator": false,
					   "Calendar": true },

"MultiplierCfgMap": {},

"BetTypeCfgMap": {},



"FixedSystemCfgMap": {},
"PickXGameTypeList":    [],

"DrawTypeMap": {},

"AdvancePlayMap":      {},
"SpecialOccasionMap":   {},
"NumberOfQpPlays": 10,
"NumberOfMaximumTickets": 50,

"GameLogo": "/IMTSResources/LinkToYourProject/HtmlTemplates/Images/Logo LOTO BN.bmp",

"GameColorLogoMap": {
					  "Small": "/IMTSResources/LinkToYourProject/GamesBitmaps/Games/EuroMillions/Logos/logoEuroMillions_H.png",
					  "Medium": "/IMTSResources/LinkToYourProject/GamesBitmaps/Games/EuroMillions/Logos/logoEuroMillions_H.png",
					  "Large": "/IMTSResources/LinkToYourProject/GamesBitmaps/Games/EuroMillions/Logos/logoEuroMillions_H.png"
					},

"GameLogoImageLocation": "/IMTSResources/LinkToYourProject/GamesBitmaps/Games/Loto/gameButton/gameButtonLoto.png",
"GameInfoImageLocation": "/IMTSResources/LinkToYourProject/DesktopBitmaps/Desktop/Common/Games/gamebutton/btn49X58GameInfo.png",
"GameQpImageLocation": "/IMTSResources/LinkToYourProject/DesktopBitmaps/Desktop/Common/Games/gamebutton/btn49X58GameQp.png",

"DisplayTotalCostWarning": true,
"TotalCostWarningAmount": 20.0,
"ShowPanelBInMainView": true,
"AutoAdvanceToNextPanel": false
}
