{
"GameName": "Polla Gol",
"Printer": "Chief",
"TxProduct": "Game3000Play",
"RxProduct": "Game3125Rx",
"DisplayAtPos": 4,
"PlayAndExit": true,
"GameExternal": false,
"GameCode": 3125,
"SupportsTeamPlay": false,
"GameHtmlTemplate": "Games/3125.html",
"GameHtmlPreviewTemplate": "Games/3125Preview.html",
"GameRigaCamera": 2420,
"GameRigaScanner": 0,
"GamePlpFileLocation": "/IMTSResources/LinkToYourProject/Playslips/Camera/wdc.plp",
"ColumnPrice": 250.0,
"NumberOfAreas": 1,
"NumberOfSlipAreas": 1,
"NumberOfPanels": 1,

"MarksCfgMap": {
                 	"MarksInPanelsList": [14],

			"MinMax": [ { "Min": 1, "Max": 11, "Default": 1 } ],

                  	"SystemCfgMap": { }

        		},

"PickXGameUseCalculator": false,

"QpPerPanel": false,
"PartialQp": false,
"SystemQp": false,
"CustomQp": false,

"FastQpPlayList": [],

"AdditionalGame": {},

"AdditionalGamePerArea": {},

"MultidrawsCfgMap": {},

"FuturedrawsCfgMap": {},

"MultiplierCfgMap": {},

"BetTypeCfgMap": {},



"FixedSystemCfgMap": {},
"PickXGameTypeList": [],
"DrawTypeMap": {},
"AdvancePlayMap": {},
"SpecialOccasionMap": {},
"NumberOfQpPlays": 0,
"NumberOfMaximumTickets": 0,

"GameLogo": "/IMTSResources/LinkToYourProject/HtmlTemplates/Images/Logo POLLAGOL BN.bmp",

"GameColorLogoMap": {
					  "Small": "/IMTSResources/LinkToYourProject/GamesBitmaps/Games/EuroMillions/Logos/logoEuroMillions_H.png",
					  "Medium": "/IMTSResources/LinkToYourProject/GamesBitmaps/Games/EuroMillions/Logos/logoEuroMillions_H.png",
					  "Large": "/IMTSResources/LinkToYourProject/GamesBitmaps/Games/EuroMillions/Logos/logoEuroMillions_H.png"
					},

"GameLogoImageLocation": "/IMTSResources/LinkToYourProject/GamesBitmaps/Games/PollaGol/gameButton/btnPollaGoal.png",
"GameInfoImageLocation": "/IMTSResources/LinkToYourProject/DesktopBitmaps/Desktop/Common/Games/gamebutton/btn49X58GameInfo.png",
"GameQpImageLocation": "/IMTSResources/LinkToYourProject/DesktopBitmaps/Desktop/Common/Games/gamebutton/btn49X58GameQp.png",

"DisplayTotalCostWarning": false,
"TotalCostWarningAmount": 0.0,
"ShowPanelBInMainView": false,
"AutoAdvanceToNextPanel": false
}
