{
"GameName": "Racha",
"Printer": "Chief",
"TxProduct": "Game527XTx",
"RxProduct": "Game5272Rx",
"DisplayAtPos": 2,
"PlayAndExit": true,
"GameExternal": false,
"GameCode": 5272,
"SupportsTeamPlay": false,
"GameHtmlTemplate": "Games/5272.html",
"GameHtmlPreviewTemplate": "Games/5272Preview.html",
"GameRigaCamera": 2415,
"GameRigaScanner": 0,
"GamePlpFileLocation": "/IMTSResources/LinkToYourProject/Playslips/Camera/wdc.plp",
"ColumnPrice": 300.0, 
"NumberOfAreas": 10,
"NumberOfSlipAreas": 4,
"NumberOfPanels": 1,

"MarksCfgMap": {
               		"MarksInPanelsList": [20],

			"MinMax": [ { "Min": 10, "Max": 10, "Default": 10 } ],

                  	"SystemCfgMap": { }

        	},

"PickXGameUseCalculator": false,

"QpPerPanel": true,
"PartialQp": false,
"SystemQp": false,
"CustomQp": false,

"FastQpPlayList": [
			{
				"Text": "1 Play $500",
				"NumberOfAreas": 1,
				"MultiDraws": 1,
				"Multiplier": 1,
				"AdditionalGame": {},
				"AdditionalGamePerArea": ["0", "10"],
				"NumberOfTickets": 1
			},
			{
				"Text": "2 Plays $1000",
				"NumberOfAreas": 2,
				"MultiDraws": 1,
				"BetType": 0,
				"AdvanceDraws": 0,
				"Multiplier": 1,
				"AdditionalGame": {},
				"AdditionalGamePerArea": ["0", "10"],
				"NumberOfTickets": 1
			},
			{
				"Text": "3 Plays $1500",
				"NumberOfAreas": 3,
				"MultiDraws": 1,
				"BetType": 0,
				"AdvanceDraws": 0,
				"Multiplier": 1,
				"AdditionalGame": {},
				"AdditionalGamePerArea": ["0", "10"],
				"NumberOfTickets": 1
			}
		],

"AdditionalGame": {},

"AdditionalGamePerArea": [
                 
	                  {
                            "Name": "0",
                            "Cost": 0
                          },
			{
                            "Name": "10",
                            "Cost": 0
                          }
		
],

"MultidrawsCfgMap": {  	"MultidrawsList": [2,4,6,8,10,12,14],
                       	"MinMultidrawValue": 1,
		       	"MaxMultidrawValue": 14,
		       	"MultiSelectionList": false,
		       	"MainView": true,
			"Panel": false,
			"Calculator": false 
		     },

"FuturedrawsCfgMap": { 	"FuturedrawsList": [],
			"MinFuturedrawValue": 1,
			"MaxFuturedrawValue": 90,
			"MultiSelectionList": false,
			"MainView": true,
			"Panel": false,
			"Calculator": false,
			"Calendar": true
		      },

"MultiplierCfgMap": {},

"BetTypeCfgMap": {},



"FixedSystemCfgMap": {},
"PickXGameTypeList":    [],
"DrawTypeMap": {},
"AdvancePlayMap":      {},
"SpecialOccasionMap":   {},
"NumberOfQpPlays": 10,
"NumberOfMaximumTickets": 50,


"GameLogo": "/IMTSResources/LinkToYourProject/HtmlTemplates/Images/Logo RACHA BN.bmp",

"GameColorLogoMap": {
					  "Small": "/IMTSResources/LinkToYourProject/GamesBitmaps/Games/Racha/Logos/logoRacha_H.png",
					  "Medium": "/IMTSResources/LinkToYourProject/GamesBitmaps/Games/Racha/Logos/logoRacha_H.png",
					  "Large": "/IMTSResources/LinkToYourProject/GamesBitmaps/Games/Racha/Logos/logoRacha_H.png"
					},

"GameLogoImageLocation": "/IMTSResources/LinkToYourProject/GamesBitmaps/Games/Racha/gameButton/gameButtonRacha.png",
"GameInfoImageLocation": "/IMTSResources/LinkToYourProject/DesktopBitmaps/Desktop/Common/Games/gamebutton/btn49X58GameInfo.png",
"GameQpImageLocation": "/IMTSResources/LinkToYourProject/DesktopBitmaps/Desktop/Common/Games/gamebutton/btn49X58GameQp.png",

"DisplayTotalCostWarning": true,
"TotalCostWarningAmount": 10.0,
"ShowPanelBInMainView": false,
"AutoAdvanceToNextPanel": false
}
