{
    "0": {
        "area": "0",
        "boxType": "5",
        "coordinates": "100,800",
        "gridIndex": 0,
        "marked": false,
        "panel": "0",
        "value": "1"
    },
    "1": {
        "area": "0",
        "boxType": "5",
        "coordinates": "100,750",
        "gridIndex": 1,
        "marked": false,
        "panel": "0",
        "value": "2"
    },
    "10": {
        "area": "0",
        "boxType": "5",
        "coordinates": "150,650",
        "gridIndex": 10,
        "marked": false,
        "panel": "0",
        "value": "10"
    },
    "100": {
        "area": "2",
        "boxType": "5",
        "coordinates": "900,600",
        "gridIndex": 100,
        "marked": false,
        "panel": "0",
        "value": "5"
    },
    "101": {
        "area": "2",
        "boxType": "5",
        "coordinates": "900,550",
        "gridIndex": 101,
        "marked": false,
        "panel": "0",
        "value": "6"
    },
    "102": {
        "area": "2",
        "boxType": "2",
        "coordinates": "900,250",
        "gridIndex": 102,
        "marked": false,
        "panel": "0",
        "value": "0"
    },
    "103": {
        "area": "2",
        "boxType": "5",
        "coordinates": "950,800",
        "gridIndex": 103,
        "marked": false,
        "panel": "0",
        "value": "7"
    },
    "104": {
        "area": "2",
        "boxType": "5",
        "coordinates": "950,750",
        "gridIndex": 104,
        "marked": false,
        "panel": "0",
        "value": "8"
    },
    "105": {
        "area": "2",
        "boxType": "5",
        "coordinates": "950,700",
        "gridIndex": 105,
        "marked": false,
        "panel": "0",
        "value": "9"
    },
    "106": {
        "area": "2",
        "boxType": "5",
        "coordinates": "950,650",
        "gridIndex": 106,
        "marked": false,
        "panel": "0",
        "value": "10"
    },
    "107": {
        "area": "2",
        "boxType": "5",
        "coordinates": "950,600",
        "gridIndex": 107,
        "marked": false,
        "panel": "0",
        "value": "11"
    },
    "108": {
        "area": "2",
        "boxType": "5",
        "coordinates": "950,550",
        "gridIndex": 108,
        "marked": false,
        "panel": "0",
        "value": "12"
    },
    "109": {
        "area": "2",
        "boxType": "2",
        "coordinates": "950,250",
        "gridIndex": 109,
        "marked": false,
        "panel": "0",
        "value": "1"
    },
    "11": {
        "area": "0",
        "boxType": "5",
        "coordinates": "150,600",
        "gridIndex": 11,
        "marked": false,
        "panel": "0",
        "value": "11"
    },
    "110": {
        "area": "2",
        "boxType": "5",
        "coordinates": "1000,800",
        "gridIndex": 110,
        "marked": false,
        "panel": "0",
        "value": "13"
    },
    "111": {
        "area": "2",
        "boxType": "5",
        "coordinates": "1000,750",
        "gridIndex": 111,
        "marked": false,
        "panel": "0",
        "value": "14"
    },
    "112": {
        "area": "2",
        "boxType": "5",
        "coordinates": "1000,700",
        "gridIndex": 112,
        "marked": false,
        "panel": "0",
        "value": "15"
    },
    "113": {
        "area": "2",
        "boxType": "5",
        "coordinates": "1000,650",
        "gridIndex": 113,
        "marked": false,
        "panel": "0",
        "value": "16"
    },
    "114": {
        "area": "2",
        "boxType": "5",
        "coordinates": "1000,600",
        "gridIndex": 114,
        "marked": false,
        "panel": "0",
        "value": "17"
    },
    "115": {
        "area": "2",
        "boxType": "5",
        "coordinates": "1000,550",
        "gridIndex": 115,
        "marked": false,
        "panel": "0",
        "value": "18"
    },
    "116": {
        "area": "2",
        "boxType": "2",
        "coordinates": "1000,250",
        "gridIndex": 116,
        "marked": false,
        "panel": "0",
        "value": "2"
    },
    "117": {
        "area": "2",
        "boxType": "5",
        "coordinates": "1050,800",
        "gridIndex": 117,
        "marked": false,
        "panel": "0",
        "value": "19"
    },
    "118": {
        "area": "2",
        "boxType": "5",
        "coordinates": "1050,750",
        "gridIndex": 118,
        "marked": false,
        "panel": "0",
        "value": "20"
    },
    "119": {
        "area": "2",
        "boxType": "5",
        "coordinates": "1050,700",
        "gridIndex": 119,
        "marked": false,
        "panel": "0",
        "value": "21"
    },
    "12": {
        "area": "0",
        "boxType": "5",
        "coordinates": "150,550",
        "gridIndex": 12,
        "marked": false,
        "panel": "0",
        "value": "12"
    },
    "120": {
        "area": "2",
        "boxType": "5",
        "coordinates": "1050,650",
        "gridIndex": 120,
        "marked": false,
        "panel": "0",
        "value": "22"
    },
    "121": {
        "area": "2",
        "boxType": "5",
        "coordinates": "1050,600",
        "gridIndex": 121,
        "marked": false,
        "panel": "0",
        "value": "23"
    },
    "122": {
        "area": "2",
        "boxType": "5",
        "coordinates": "1050,550",
        "gridIndex": 122,
        "marked": false,
        "panel": "0",
        "value": "24"
    },
    "123": {
        "area": "2",
        "boxType": "2",
        "coordinates": "1050,250",
        "gridIndex": 123,
        "marked": false,
        "panel": "0",
        "value": "4"
    },
    "124": {
        "area": "2",
        "boxType": "5",
        "coordinates": "1100,800",
        "gridIndex": 124,
        "marked": false,
        "panel": "0",
        "value": "25"
    },
    "125": {
        "area": "2",
        "boxType": "5",
        "coordinates": "1100,750",
        "gridIndex": 125,
        "marked": false,
        "panel": "0",
        "value": "26"
    },
    "126": {
        "area": "2",
        "boxType": "5",
        "coordinates": "1100,700",
        "gridIndex": 126,
        "marked": false,
        "panel": "0",
        "value": "27"
    },
    "127": {
        "area": "2",
        "boxType": "5",
        "coordinates": "1100,650",
        "gridIndex": 127,
        "marked": false,
        "panel": "0",
        "value": "28"
    },
    "128": {
        "area": "2",
        "boxType": "5",
        "coordinates": "1100,600",
        "gridIndex": 128,
        "marked": false,
        "panel": "0",
        "value": "29"
    },
    "129": {
        "area": "2",
        "boxType": "5",
        "coordinates": "1100,550",
        "gridIndex": 129,
        "marked": false,
        "panel": "0",
        "value": "30"
    },
    "13": {
        "area": "",
        "boxType": "2",
        "coordinates": "150,250",
        "gridIndex": 13,
        "marked": false,
        "panel": "",
        "value": "1"
    },
    "130": {
        "area": "2",
        "boxType": "4",
        "coordinates": "1100,450",
        "gridIndex": 130,
        "marked": false,
        "panel": "0",
        "value": "VOID"
    },
    "131": {
        "area": "2",
        "boxType": "5",
        "coordinates": "1150,800",
        "gridIndex": 131,
        "marked": false,
        "panel": "0",
        "value": "31"
    },
    "132": {
        "area": "2",
        "boxType": "5",
        "coordinates": "1150,750",
        "gridIndex": 132,
        "marked": false,
        "panel": "0",
        "value": "32"
    },
    "133": {
        "area": "2",
        "boxType": "5",
        "coordinates": "1150,700",
        "gridIndex": 133,
        "marked": false,
        "panel": "0",
        "value": "33"
    },
    "134": {
        "area": "2",
        "boxType": "5",
        "coordinates": "1150,650",
        "gridIndex": 134,
        "marked": false,
        "panel": "0",
        "value": "34"
    },
    "135": {
        "area": "2",
        "boxType": "5",
        "coordinates": "1150,600",
        "gridIndex": 135,
        "marked": false,
        "panel": "0",
        "value": "35"
    },
    "136": {
        "area": "2",
        "boxType": "5",
        "coordinates": "1150,550",
        "gridIndex": 136,
        "marked": false,
        "panel": "0",
        "value": "36"
    },
    "137": {
        "area": "2",
        "boxType": "3",
        "coordinates": "1150,450",
        "gridIndex": 137,
        "marked": false,
        "panel": "0",
        "value": "QP"
    },
    "138": {
        "area": "2",
        "boxType": "5",
        "coordinates": "1200,800",
        "gridIndex": 138,
        "marked": false,
        "panel": "0",
        "value": "37"
    },
    "139": {
        "area": "2",
        "boxType": "5",
        "coordinates": "1200,750",
        "gridIndex": 139,
        "marked": false,
        "panel": "0",
        "value": "38"
    },
    "14": {
        "area": "0",
        "boxType": "5",
        "coordinates": "200,800",
        "gridIndex": 14,
        "marked": false,
        "panel": "0",
        "value": "13"
    },
    "140": {
        "area": "2",
        "boxType": "5",
        "coordinates": "1200,700",
        "gridIndex": 140,
        "marked": false,
        "panel": "0",
        "value": "39"
    },
    "141": {
        "area": "2",
        "boxType": "5",
        "coordinates": "1200,650",
        "gridIndex": 141,
        "marked": false,
        "panel": "0",
        "value": "40"
    },
    "142": {
        "area": "2",
        "boxType": "5",
        "coordinates": "1200,600",
        "gridIndex": 142,
        "marked": false,
        "panel": "0",
        "value": "41"
    },
    "143": {
        "area": "2",
        "boxType": "2",
        "coordinates": "1200,450",
        "gridIndex": 143,
        "marked": false,
        "panel": "0",
        "value": "3"
    },
    "144": {
        "area": "3",
        "boxType": "5",
        "coordinates": "1300,800",
        "gridIndex": 144,
        "marked": false,
        "panel": "0",
        "value": "1"
    },
    "145": {
        "area": "3",
        "boxType": "5",
        "coordinates": "1300,750",
        "gridIndex": 145,
        "marked": false,
        "panel": "0",
        "value": "2"
    },
    "146": {
        "area": "3",
        "boxType": "5",
        "coordinates": "1300,700",
        "gridIndex": 146,
        "marked": false,
        "panel": "0",
        "value": "3"
    },
    "147": {
        "area": "3",
        "boxType": "5",
        "coordinates": "1300,650",
        "gridIndex": 147,
        "marked": false,
        "panel": "0",
        "value": "4"
    },
    "148": {
        "area": "3",
        "boxType": "5",
        "coordinates": "1300,600",
        "gridIndex": 148,
        "marked": false,
        "panel": "0",
        "value": "5"
    },
    "149": {
        "area": "3",
        "boxType": "5",
        "coordinates": "1300,550",
        "gridIndex": 149,
        "marked": false,
        "panel": "0",
        "value": "6"
    },
    "15": {
        "area": "0",
        "boxType": "5",
        "coordinates": "200,750",
        "gridIndex": 15,
        "marked": false,
        "panel": "0",
        "value": "14"
    },
    "150": {
        "area": "3",
        "boxType": "2",
        "coordinates": "1300,250",
        "gridIndex": 150,
        "marked": false,
        "panel": "0",
        "value": "0"
    },
    "151": {
        "area": "3",
        "boxType": "5",
        "coordinates": "1350,800",
        "gridIndex": 151,
        "marked": false,
        "panel": "0",
        "value": "7"
    },
    "152": {
        "area": "3",
        "boxType": "5",
        "coordinates": "1350,750",
        "gridIndex": 152,
        "marked": false,
        "panel": "0",
        "value": "8"
    },
    "153": {
        "area": "3",
        "boxType": "5",
        "coordinates": "1350,700",
        "gridIndex": 153,
        "marked": false,
        "panel": "0",
        "value": "9"
    },
    "154": {
        "area": "3",
        "boxType": "5",
        "coordinates": "1350,650",
        "gridIndex": 154,
        "marked": false,
        "panel": "0",
        "value": "10"
    },
    "155": {
        "area": "3",
        "boxType": "5",
        "coordinates": "1350,600",
        "gridIndex": 155,
        "marked": false,
        "panel": "0",
        "value": "11"
    },
    "156": {
        "area": "3",
        "boxType": "5",
        "coordinates": "1350,550",
        "gridIndex": 156,
        "marked": false,
        "panel": "0",
        "value": "12"
    },
    "157": {
        "area": "3",
        "boxType": "2",
        "coordinates": "1350,250",
        "gridIndex": 157,
        "marked": false,
        "panel": "0",
        "value": "1"
    },
    "158": {
        "area": "3",
        "boxType": "5",
        "coordinates": "1400,800",
        "gridIndex": 158,
        "marked": false,
        "panel": "0",
        "value": "13"
    },
    "159": {
        "area": "3",
        "boxType": "5",
        "coordinates": "1400,750",
        "gridIndex": 159,
        "marked": false,
        "panel": "0",
        "value": "14"
    },
    "16": {
        "area": "0",
        "boxType": "5",
        "coordinates": "200,700",
        "gridIndex": 16,
        "marked": false,
        "panel": "0",
        "value": "15"
    },
    "160": {
        "area": "3",
        "boxType": "5",
        "coordinates": "1400,700",
        "gridIndex": 160,
        "marked": false,
        "panel": "0",
        "value": "15"
    },
    "161": {
        "area": "3",
        "boxType": "5",
        "coordinates": "1400,650",
        "gridIndex": 161,
        "marked": false,
        "panel": "0",
        "value": "16"
    },
    "162": {
        "area": "3",
        "boxType": "5",
        "coordinates": "1400,600",
        "gridIndex": 162,
        "marked": false,
        "panel": "0",
        "value": "17"
    },
    "163": {
        "area": "3",
        "boxType": "5",
        "coordinates": "1400,550",
        "gridIndex": 163,
        "marked": false,
        "panel": "0",
        "value": "18"
    },
    "164": {
        "area": "3",
        "boxType": "2",
        "coordinates": "1400,250",
        "gridIndex": 164,
        "marked": false,
        "panel": "0",
        "value": "2"
    },
    "165": {
        "area": "3",
        "boxType": "5",
        "coordinates": "1450,800",
        "gridIndex": 165,
        "marked": false,
        "panel": "0",
        "value": "19"
    },
    "166": {
        "area": "3",
        "boxType": "5",
        "coordinates": "1450,750",
        "gridIndex": 166,
        "marked": false,
        "panel": "0",
        "value": "20"
    },
    "167": {
        "area": "3",
        "boxType": "5",
        "coordinates": "1450,700",
        "gridIndex": 167,
        "marked": false,
        "panel": "0",
        "value": "21"
    },
    "168": {
        "area": "3",
        "boxType": "5",
        "coordinates": "1450,650",
        "gridIndex": 168,
        "marked": false,
        "panel": "0",
        "value": "22"
    },
    "169": {
        "area": "3",
        "boxType": "5",
        "coordinates": "1450,600",
        "gridIndex": 169,
        "marked": false,
        "panel": "0",
        "value": "23"
    },
    "17": {
        "area": "0",
        "boxType": "5",
        "coordinates": "200,650",
        "gridIndex": 17,
        "marked": false,
        "panel": "0",
        "value": "16"
    },
    "170": {
        "area": "3",
        "boxType": "5",
        "coordinates": "1450,550",
        "gridIndex": 170,
        "marked": false,
        "panel": "0",
        "value": "24"
    },
    "171": {
        "area": "3",
        "boxType": "2",
        "coordinates": "1450,250",
        "gridIndex": 171,
        "marked": false,
        "panel": "0",
        "value": "4"
    },
    "172": {
        "area": "3",
        "boxType": "5",
        "coordinates": "1500,800",
        "gridIndex": 172,
        "marked": false,
        "panel": "0",
        "value": "25"
    },
    "173": {
        "area": "3",
        "boxType": "5",
        "coordinates": "1500,750",
        "gridIndex": 173,
        "marked": false,
        "panel": "0",
        "value": "26"
    },
    "174": {
        "area": "3",
        "boxType": "5",
        "coordinates": "1500,700",
        "gridIndex": 174,
        "marked": false,
        "panel": "0",
        "value": "27"
    },
    "175": {
        "area": "3",
        "boxType": "5",
        "coordinates": "1500,650",
        "gridIndex": 175,
        "marked": false,
        "panel": "0",
        "value": "28"
    },
    "176": {
        "area": "3",
        "boxType": "5",
        "coordinates": "1500,600",
        "gridIndex": 176,
        "marked": false,
        "panel": "0",
        "value": "29"
    },
    "177": {
        "area": "3",
        "boxType": "5",
        "coordinates": "1500,550",
        "gridIndex": 177,
        "marked": false,
        "panel": "0",
        "value": "30"
    },
    "178": {
        "area": "3",
        "boxType": "4",
        "coordinates": "1500,450",
        "gridIndex": 178,
        "marked": false,
        "panel": "0",
        "value": "VOID"
    },
    "179": {
        "area": "3",
        "boxType": "5",
        "coordinates": "1550,800",
        "gridIndex": 179,
        "marked": false,
        "panel": "0",
        "value": "31"
    },
    "18": {
        "area": "0",
        "boxType": "5",
        "coordinates": "200,600",
        "gridIndex": 18,
        "marked": false,
        "panel": "0",
        "value": "17"
    },
    "180": {
        "area": "3",
        "boxType": "5",
        "coordinates": "1550,750",
        "gridIndex": 180,
        "marked": false,
        "panel": "0",
        "value": "32"
    },
    "181": {
        "area": "3",
        "boxType": "5",
        "coordinates": "1550,700",
        "gridIndex": 181,
        "marked": false,
        "panel": "0",
        "value": "33"
    },
    "182": {
        "area": "3",
        "boxType": "5",
        "coordinates": "1550,650",
        "gridIndex": 182,
        "marked": false,
        "panel": "0",
        "value": "34"
    },
    "183": {
        "area": "3",
        "boxType": "5",
        "coordinates": "1550,600",
        "gridIndex": 183,
        "marked": false,
        "panel": "0",
        "value": "35"
    },
    "184": {
        "area": "3",
        "boxType": "5",
        "coordinates": "1550,550",
        "gridIndex": 184,
        "marked": false,
        "panel": "0",
        "value": "36"
    },
    "185": {
        "area": "3",
        "boxType": "3",
        "coordinates": "1550,450",
        "gridIndex": 185,
        "marked": false,
        "panel": "0",
        "value": "QP"
    },
    "186": {
        "area": "3",
        "boxType": "5",
        "coordinates": "1600,800",
        "gridIndex": 186,
        "marked": false,
        "panel": "0",
        "value": "37"
    },
    "187": {
        "area": "3",
        "boxType": "5",
        "coordinates": "1600,750",
        "gridIndex": 187,
        "marked": false,
        "panel": "0",
        "value": "38"
    },
    "188": {
        "area": "3",
        "boxType": "5",
        "coordinates": "1600,700",
        "gridIndex": 188,
        "marked": false,
        "panel": "0",
        "value": "39"
    },
    "189": {
        "area": "3",
        "boxType": "5",
        "coordinates": "1600,650",
        "gridIndex": 189,
        "marked": false,
        "panel": "0",
        "value": "40"
    },
    "19": {
        "area": "0",
        "boxType": "5",
        "coordinates": "200,550",
        "gridIndex": 19,
        "marked": false,
        "panel": "0",
        "value": "18"
    },
    "190": {
        "area": "3",
        "boxType": "5",
        "coordinates": "1600,600",
        "gridIndex": 190,
        "marked": false,
        "panel": "0",
        "value": "41"
    },
    "191": {
        "area": "3",
        "boxType": "2",
        "coordinates": "1600,450",
        "gridIndex": 191,
        "marked": false,
        "panel": "0",
        "value": "3"
    },
    "192": {
        "area": "",
        "boxType": "7",
        "coordinates": "1750,650",
        "gridIndex": 192,
        "marked": false,
        "panel": "",
        "value": "3"
    },
    "193": {
        "area": "",
        "boxType": "7",
        "coordinates": "1750,600",
        "gridIndex": 193,
        "marked": false,
        "panel": "",
        "value": "6"
    },
    "2": {
        "area": "0",
        "boxType": "5",
        "coordinates": "100,700",
        "gridIndex": 2,
        "marked": false,
        "panel": "0",
        "value": "3"
    },
    "20": {
        "area": "",
        "boxType": "2",
        "coordinates": "200,250",
        "gridIndex": 20,
        "marked": false,
        "panel": "",
        "value": "2"
    },
    "21": {
        "area": "0",
        "boxType": "5",
        "coordinates": "250,800",
        "gridIndex": 21,
        "marked": false,
        "panel": "0",
        "value": "19"
    },
    "22": {
        "area": "0",
        "boxType": "5",
        "coordinates": "250,750",
        "gridIndex": 22,
        "marked": false,
        "panel": "0",
        "value": "20"
    },
    "23": {
        "area": "0",
        "boxType": "5",
        "coordinates": "250,700",
        "gridIndex": 23,
        "marked": false,
        "panel": "0",
        "value": "21"
    },
    "24": {
        "area": "0",
        "boxType": "5",
        "coordinates": "250,650",
        "gridIndex": 24,
        "marked": false,
        "panel": "0",
        "value": "22"
    },
    "25": {
        "area": "0",
        "boxType": "5",
        "coordinates": "250,600",
        "gridIndex": 25,
        "marked": false,
        "panel": "0",
        "value": "23"
    },
    "26": {
        "area": "0",
        "boxType": "5",
        "coordinates": "250,550",
        "gridIndex": 26,
        "marked": false,
        "panel": "0",
        "value": "24"
    },
    "27": {
        "area": "",
        "boxType": "2",
        "coordinates": "250,250",
        "gridIndex": 27,
        "marked": false,
        "panel": "",
        "value": "4"
    },
    "28": {
        "area": "0",
        "boxType": "5",
        "coordinates": "300,800",
        "gridIndex": 28,
        "marked": false,
        "panel": "0",
        "value": "25"
    },
    "29": {
        "area": "0",
        "boxType": "5",
        "coordinates": "300,750",
        "gridIndex": 29,
        "marked": false,
        "panel": "0",
        "value": "26"
    },
    "3": {
        "area": "0",
        "boxType": "5",
        "coordinates": "100,650",
        "gridIndex": 3,
        "marked": false,
        "panel": "0",
        "value": "4"
    },
    "30": {
        "area": "0",
        "boxType": "5",
        "coordinates": "300,700",
        "gridIndex": 30,
        "marked": false,
        "panel": "0",
        "value": "27"
    },
    "31": {
        "area": "0",
        "boxType": "5",
        "coordinates": "300,650",
        "gridIndex": 31,
        "marked": false,
        "panel": "0",
        "value": "28"
    },
    "32": {
        "area": "0",
        "boxType": "5",
        "coordinates": "300,600",
        "gridIndex": 32,
        "marked": false,
        "panel": "0",
        "value": "29"
    },
    "33": {
        "area": "0",
        "boxType": "5",
        "coordinates": "300,550",
        "gridIndex": 33,
        "marked": false,
        "panel": "0",
        "value": "30"
    },
    "34": {
        "area": "0",
        "boxType": "4",
        "coordinates": "300,450",
        "gridIndex": 34,
        "marked": false,
        "panel": "0",
        "value": "VOID"
    },
    "35": {
        "area": "0",
        "boxType": "5",
        "coordinates": "350,800",
        "gridIndex": 35,
        "marked": false,
        "panel": "0",
        "value": "31"
    },
    "36": {
        "area": "0",
        "boxType": "5",
        "coordinates": "350,750",
        "gridIndex": 36,
        "marked": false,
        "panel": "0",
        "value": "32"
    },
    "37": {
        "area": "0",
        "boxType": "5",
        "coordinates": "350,700",
        "gridIndex": 37,
        "marked": false,
        "panel": "0",
        "value": "33"
    },
    "38": {
        "area": "0",
        "boxType": "5",
        "coordinates": "350,650",
        "gridIndex": 38,
        "marked": false,
        "panel": "0",
        "value": "34"
    },
    "39": {
        "area": "0",
        "boxType": "5",
        "coordinates": "350,600",
        "gridIndex": 39,
        "marked": false,
        "panel": "0",
        "value": "35"
    },
    "4": {
        "area": "0",
        "boxType": "5",
        "coordinates": "100,600",
        "gridIndex": 4,
        "marked": false,
        "panel": "0",
        "value": "5"
    },
    "40": {
        "area": "0",
        "boxType": "5",
        "coordinates": "350,550",
        "gridIndex": 40,
        "marked": false,
        "panel": "0",
        "value": "36"
    },
    "41": {
        "area": "0",
        "boxType": "3",
        "coordinates": "350,450",
        "gridIndex": 41,
        "marked": false,
        "panel": "0",
        "value": "QP"
    },
    "42": {
        "area": "0",
        "boxType": "5",
        "coordinates": "400,800",
        "gridIndex": 42,
        "marked": false,
        "panel": "0",
        "value": "37"
    },
    "43": {
        "area": "0",
        "boxType": "5",
        "coordinates": "400,750",
        "gridIndex": 43,
        "marked": false,
        "panel": "0",
        "value": "38"
    },
    "44": {
        "area": "0",
        "boxType": "5",
        "coordinates": "400,700",
        "gridIndex": 44,
        "marked": false,
        "panel": "0",
        "value": "39"
    },
    "45": {
        "area": "0",
        "boxType": "5",
        "coordinates": "400,650",
        "gridIndex": 45,
        "marked": false,
        "panel": "0",
        "value": "40"
    },
    "46": {
        "area": "0",
        "boxType": "5",
        "coordinates": "400,600",
        "gridIndex": 46,
        "marked": false,
        "panel": "0",
        "value": "41"
    },
    "47": {
        "area": "",
        "boxType": "2",
        "coordinates": "400,450",
        "gridIndex": 47,
        "marked": false,
        "panel": "",
        "value": "3"
    },
    "48": {
        "area": "1",
        "boxType": "5",
        "coordinates": "500,800",
        "gridIndex": 48,
        "marked": false,
        "panel": "0",
        "value": "1"
    },
    "49": {
        "area": "1",
        "boxType": "5",
        "coordinates": "500,750",
        "gridIndex": 49,
        "marked": false,
        "panel": "0",
        "value": "2"
    },
    "5": {
        "area": "0",
        "boxType": "5",
        "coordinates": "100,550",
        "gridIndex": 5,
        "marked": false,
        "panel": "0",
        "value": "6"
    },
    "50": {
        "area": "1",
        "boxType": "5",
        "coordinates": "500,700",
        "gridIndex": 50,
        "marked": false,
        "panel": "0",
        "value": "3"
    },
    "51": {
        "area": "1",
        "boxType": "5",
        "coordinates": "500,650",
        "gridIndex": 51,
        "marked": false,
        "panel": "0",
        "value": "4"
    },
    "52": {
        "area": "1",
        "boxType": "5",
        "coordinates": "500,600",
        "gridIndex": 52,
        "marked": false,
        "panel": "0",
        "value": "5"
    },
    "53": {
        "area": "1",
        "boxType": "5",
        "coordinates": "500,550",
        "gridIndex": 53,
        "marked": false,
        "panel": "0",
        "value": "6"
    },
    "54": {
        "area": "1",
        "boxType": "2",
        "coordinates": "500,250",
        "gridIndex": 54,
        "marked": false,
        "panel": "0",
        "value": "0"
    },
    "55": {
        "area": "1",
        "boxType": "5",
        "coordinates": "550,800",
        "gridIndex": 55,
        "marked": false,
        "panel": "0",
        "value": "7"
    },
    "56": {
        "area": "1",
        "boxType": "5",
        "coordinates": "550,750",
        "gridIndex": 56,
        "marked": false,
        "panel": "0",
        "value": "8"
    },
    "57": {
        "area": "1",
        "boxType": "5",
        "coordinates": "550,700",
        "gridIndex": 57,
        "marked": false,
        "panel": "0",
        "value": "9"
    },
    "58": {
        "area": "1",
        "boxType": "5",
        "coordinates": "550,650",
        "gridIndex": 58,
        "marked": false,
        "panel": "0",
        "value": "10"
    },
    "59": {
        "area": "1",
        "boxType": "5",
        "coordinates": "550,600",
        "gridIndex": 59,
        "marked": false,
        "panel": "0",
        "value": "11"
    },
    "6": {
        "area": "",
        "boxType": "2",
        "coordinates": "100,250",
        "gridIndex": 6,
        "marked": false,
        "panel": "",
        "value": "0"
    },
    "60": {
        "area": "1",
        "boxType": "5",
        "coordinates": "550,550",
        "gridIndex": 60,
        "marked": false,
        "panel": "0",
        "value": "12"
    },
    "61": {
        "area": "1",
        "boxType": "2",
        "coordinates": "550,250",
        "gridIndex": 61,
        "marked": false,
        "panel": "0",
        "value": "1"
    },
    "62": {
        "area": "1",
        "boxType": "5",
        "coordinates": "600,800",
        "gridIndex": 62,
        "marked": false,
        "panel": "0",
        "value": "13"
    },
    "63": {
        "area": "1",
        "boxType": "5",
        "coordinates": "600,750",
        "gridIndex": 63,
        "marked": false,
        "panel": "0",
        "value": "14"
    },
    "64": {
        "area": "1",
        "boxType": "5",
        "coordinates": "600,700",
        "gridIndex": 64,
        "marked": false,
        "panel": "0",
        "value": "15"
    },
    "65": {
        "area": "1",
        "boxType": "5",
        "coordinates": "600,650",
        "gridIndex": 65,
        "marked": false,
        "panel": "0",
        "value": "16"
    },
    "66": {
        "area": "1",
        "boxType": "5",
        "coordinates": "600,600",
        "gridIndex": 66,
        "marked": false,
        "panel": "0",
        "value": "17"
    },
    "67": {
        "area": "1",
        "boxType": "5",
        "coordinates": "600,550",
        "gridIndex": 67,
        "marked": false,
        "panel": "0",
        "value": "18"
    },
    "68": {
        "area": "1",
        "boxType": "2",
        "coordinates": "600,250",
        "gridIndex": 68,
        "marked": false,
        "panel": "0",
        "value": "2"
    },
    "69": {
        "area": "1",
        "boxType": "5",
        "coordinates": "650,800",
        "gridIndex": 69,
        "marked": false,
        "panel": "0",
        "value": "19"
    },
    "7": {
        "area": "0",
        "boxType": "5",
        "coordinates": "150,800",
        "gridIndex": 7,
        "marked": false,
        "panel": "0",
        "value": "7"
    },
    "70": {
        "area": "1",
        "boxType": "5",
        "coordinates": "650,750",
        "gridIndex": 70,
        "marked": false,
        "panel": "0",
        "value": "20"
    },
    "71": {
        "area": "1",
        "boxType": "5",
        "coordinates": "650,700",
        "gridIndex": 71,
        "marked": false,
        "panel": "0",
        "value": "21"
    },
    "72": {
        "area": "1",
        "boxType": "5",
        "coordinates": "650,650",
        "gridIndex": 72,
        "marked": false,
        "panel": "0",
        "value": "22"
    },
    "73": {
        "area": "1",
        "boxType": "5",
        "coordinates": "650,600",
        "gridIndex": 73,
        "marked": false,
        "panel": "0",
        "value": "23"
    },
    "74": {
        "area": "1",
        "boxType": "5",
        "coordinates": "650,550",
        "gridIndex": 74,
        "marked": false,
        "panel": "0",
        "value": "24"
    },
    "75": {
        "area": "1",
        "boxType": "2",
        "coordinates": "650,250",
        "gridIndex": 75,
        "marked": false,
        "panel": "0",
        "value": "4"
    },
    "76": {
        "area": "1",
        "boxType": "5",
        "coordinates": "700,800",
        "gridIndex": 76,
        "marked": false,
        "panel": "0",
        "value": "25"
    },
    "77": {
        "area": "1",
        "boxType": "5",
        "coordinates": "700,750",
        "gridIndex": 77,
        "marked": false,
        "panel": "0",
        "value": "26"
    },
    "78": {
        "area": "1",
        "boxType": "5",
        "coordinates": "700,700",
        "gridIndex": 78,
        "marked": false,
        "panel": "0",
        "value": "27"
    },
    "79": {
        "area": "1",
        "boxType": "5",
        "coordinates": "700,650",
        "gridIndex": 79,
        "marked": false,
        "panel": "0",
        "value": "28"
    },
    "8": {
        "area": "0",
        "boxType": "5",
        "coordinates": "150,750",
        "gridIndex": 8,
        "marked": false,
        "panel": "0",
        "value": "8"
    },
    "80": {
        "area": "1",
        "boxType": "5",
        "coordinates": "700,600",
        "gridIndex": 80,
        "marked": false,
        "panel": "0",
        "value": "29"
    },
    "81": {
        "area": "1",
        "boxType": "5",
        "coordinates": "700,550",
        "gridIndex": 81,
        "marked": false,
        "panel": "0",
        "value": "30"
    },
    "82": {
        "area": "1",
        "boxType": "4",
        "coordinates": "700,450",
        "gridIndex": 82,
        "marked": false,
        "panel": "0",
        "value": "VOID"
    },
    "83": {
        "area": "1",
        "boxType": "5",
        "coordinates": "750,800",
        "gridIndex": 83,
        "marked": false,
        "panel": "0",
        "value": "31"
    },
    "84": {
        "area": "1",
        "boxType": "5",
        "coordinates": "750,750",
        "gridIndex": 84,
        "marked": false,
        "panel": "0",
        "value": "32"
    },
    "85": {
        "area": "1",
        "boxType": "5",
        "coordinates": "750,700",
        "gridIndex": 85,
        "marked": false,
        "panel": "0",
        "value": "33"
    },
    "86": {
        "area": "1",
        "boxType": "5",
        "coordinates": "750,650",
        "gridIndex": 86,
        "marked": false,
        "panel": "0",
        "value": "34"
    },
    "87": {
        "area": "1",
        "boxType": "5",
        "coordinates": "750,600",
        "gridIndex": 87,
        "marked": false,
        "panel": "0",
        "value": "35"
    },
    "88": {
        "area": "1",
        "boxType": "5",
        "coordinates": "750,550",
        "gridIndex": 88,
        "marked": false,
        "panel": "0",
        "value": "36"
    },
    "89": {
        "area": "1",
        "boxType": "3",
        "coordinates": "750,450",
        "gridIndex": 89,
        "marked": false,
        "panel": "0",
        "value": "QP"
    },
    "9": {
        "area": "0",
        "boxType": "5",
        "coordinates": "150,700",
        "gridIndex": 9,
        "marked": false,
        "panel": "0",
        "value": "9"
    },
    "90": {
        "area": "1",
        "boxType": "5",
        "coordinates": "800,800",
        "gridIndex": 90,
        "marked": false,
        "panel": "0",
        "value": "37"
    },
    "91": {
        "area": "1",
        "boxType": "5",
        "coordinates": "800,750",
        "gridIndex": 91,
        "marked": false,
        "panel": "0",
        "value": "38"
    },
    "92": {
        "area": "1",
        "boxType": "5",
        "coordinates": "800,700",
        "gridIndex": 92,
        "marked": false,
        "panel": "0",
        "value": "39"
    },
    "93": {
        "area": "1",
        "boxType": "5",
        "coordinates": "800,650",
        "gridIndex": 93,
        "marked": false,
        "panel": "0",
        "value": "40"
    },
    "94": {
        "area": "1",
        "boxType": "5",
        "coordinates": "800,600",
        "gridIndex": 94,
        "marked": false,
        "panel": "0",
        "value": "41"
    },
    "95": {
        "area": "1",
        "boxType": "2",
        "coordinates": "800,450",
        "gridIndex": 95,
        "marked": false,
        "panel": "0",
        "value": "3"
    },
    "96": {
        "area": "2",
        "boxType": "5",
        "coordinates": "900,800",
        "gridIndex": 96,
        "marked": false,
        "panel": "0",
        "value": "1"
    },
    "97": {
        "area": "2",
        "boxType": "5",
        "coordinates": "900,750",
        "gridIndex": 97,
        "marked": false,
        "panel": "0",
        "value": "2"
    },
    "98": {
        "area": "2",
        "boxType": "5",
        "coordinates": "900,700",
        "gridIndex": 98,
        "marked": false,
        "panel": "0",
        "value": "3"
    },
    "99": {
        "area": "2",
        "boxType": "5",
        "coordinates": "900,650",
        "gridIndex": 99,
        "marked": false,
        "panel": "0",
        "value": "4"
    }
}
